id,name,status,wikidataQid,license,artist,sourceUrl,matchedOn
person_j001,聖徳太子,OK,Q263972,public domain,"Kano Osanobu (August 18, 1796 - June 12, 1846)",https://commons.wikimedia.org/wiki/File:Prince_Shotoku_with_Two_Princes_by_Kano_Osanobu_1842.png,"birth,death"
person_j002,源頼朝,OK,Q242800,public domain,Fujiwara no Takanobu,https://commons.wikimedia.org/wiki/File:Minamoto_no_Yoritomo.jpg,"birth,death"
person_j003,織田信長,OK,Q171411,public domain,"狩野宗秀 (Kanō Sōshū, 1551 - 1601)",https://commons.wikimedia.org/wiki/File:Odanobunaga.jpg,"birth,death"
person_j004,豊臣秀吉,OK,Q187550,public domain,Kanō Mitsunobu,https://commons.wikimedia.org/wiki/File:Toyotomi_Hideyoshi_(Kodaiji).jpg,"birth,death"
person_j005,徳川家康,OK,Q171977,public domain,Kanō Tan'yū,https://commons.wikimedia.org/wiki/File:Tokugawa_Ieyasu2.JPG,"birth,death"
person_j006,卑弥呼,NO_P18_IMAGE,,,,,death
person_j007,坂本龍馬,OK,Q378450,public domain,Unknown authorUnknown author,https://commons.wikimedia.org/wiki/File:Sakamoto_Ryoma.jpg,"birth,death"
person_j008,紫式部,OK,Q81731,public domain,Tosa Mitsuoki (1617 - 1691),https://commons.wikimedia.org/wiki/File:Murasaki-Shikibu-composing-Genji-Monogatari.png,"birth,death"
person_w001,マハトマ・ガンジー,OK,Q1001,public domain,Elliott &amp; Fry,"https://commons.wikimedia.org/wiki/File:Mahatma-Gandhi,_studio,_1931.jpg","birth,death"
person_w002,エイブラハム・リンカーン,OK,Q91,public domain,Alexander Gardner,https://commons.wikimedia.org/wiki/File:Abraham_Lincoln_O-77_matte_collodion_print.jpg,"birth,death"
person_j009,源義経,OK,Q310445,public domain,,https://commons.wikimedia.org/wiki/File:Minamoto_Yoshitsune.jpg,"birth,death"
person_w003,レオナルド・ダ・ヴィンチ,OK,Q762,public domain,Attributed to Francesco Melzi,https://commons.wikimedia.org/wiki/File:Francesco_Melzi_-_Portrait_of_Leonardo.png,"birth,death"
person_j010,西郷隆盛,OK,Q310462,public domain,Ishikawa Shizumasa (1848-1925),https://commons.wikimedia.org/wiki/File:Saigo_Takamori_Portrait_by_Ishikawa_Shizumasa.jpg,"birth,death"
person_j011,北里柴三郎,OK,Q442225,public domain,Unknown authorUnknown author,https://commons.wikimedia.org/wiki/File:Kitasato_Shibasaburo.jpg,"birth,death"
person_w004,クレオパトラ7世,OK,Q635,public domain,Louis le Grand,https://commons.wikimedia.org/wiki/File:Kleopatra-VII.-Altes-Museum-Berlin1.jpg,"birth,death"
person_w005,ナポレオン・ボナパルト,OK,Q517,public domain,Jacques-Louis David,https://commons.wikimedia.org/wiki/File:Jacques-Louis_David_-_The_Emperor_Napoleon_in_His_Study_at_the_Tuileries_-_Google_Art_Project.jpg,"birth,death"
person_j012,勝海舟,OK,Q700470,public domain,published by 東洋文化協會 (The Eastern Culture Association),https://commons.wikimedia.org/wiki/File:Kaishu_Katsu_2.jpg,"birth,death"
person_j013,平塚らいてう,OK,Q508522,public domain,Unknown authorUnknown author,https://commons.wikimedia.org/wiki/File:Raicho_Hiratsuka.jpg,"birth,death"
person_w006,マルコ・ポーロ,OK,Q6101,public domain,Salviati,https://commons.wikimedia.org/wiki/File:Marco_Polo_Mosaic_from_Palazzo_Tursi.jpg,"birth,death"
person_w007,ウィンストン・チャーチル,OK,Q8016,public domain,Yousuf Karsh,https://commons.wikimedia.org/wiki/File:Sir_Winston_Churchill_-_19086236948_(restored).jpg,"birth,death"
person_j014,大久保利通,OK,Q356118,public domain,Unknown authorUnknown author,https://commons.wikimedia.org/wiki/File:Toshimichi_Okubo_4.jpg,"birth,death"
person_j015,伊藤博文,OK,Q174971,public domain,Unknown authorUnknown author,https://commons.wikimedia.org/wiki/File:IT%C5%8C_Hirobumi.jpg,"birth,death"
person_j016,板垣退助,OK,Q456380,public domain,Unknown authorUnknown author,https://commons.wikimedia.org/wiki/File:ITAGAKI_Taisuke.jpg,"birth,death"
person_w008,ガリレオ・ガリレイ,OK,Q307,public domain,Justus Sustermans,https://commons.wikimedia.org/wiki/File:Galileo.arp.300pix.jpg,"birth,death"
person_w009,ムハンマド,NO_P18_IMAGE,,,,,name_exact_top1
person_w010,マルティン・ルター,OK,Q9554,public domain,Lucas Cranach the Elder,"https://commons.wikimedia.org/wiki/File:Lucas_Cranach_d.%C3%84._-_Martin_Luther,_1528_(Veste_Coburg).jpg","birth,death"
person_w011,ジョン・F・ケネディ,OK,Q9696,public domain,Cecil W. Stoughton,"https://commons.wikimedia.org/wiki/File:John_F._Kennedy,_White_House_color_photo_portrait.jpg","birth,death"
person_j017,平清盛,OK,Q281833,public domain,Artist: Fujiwara Tamenobu (藤原為信 - ためのぶ) and Takenobu (豪信 たけのぶ) (both dates of birth and death unknown). Late Kamakura period.,https://commons.wikimedia.org/wiki/File:Taira_no_Kiyomori_Portrait_by_Fujiwara_Tamenobu_and_Takenobu.png,"birth,death"
person_j018,吉田松陰,OK,Q559747,public domain,Unknown authorUnknown author,https://commons.wikimedia.org/wiki/File:Yoshida_Shoin.jpg,"birth,death"
person_j019,渋沢栄一,OK,Q704995,public domain,Unknown photographer,https://commons.wikimedia.org/wiki/File:Portrait_of_Shibusawa_Eiichi.jpg,"birth,death"
person_w012,アレクサンドロス大王,OK,Q8409,public domain,Unknown authorUnknown author,https://commons.wikimedia.org/wiki/File:Alexander_the_Great_mosaic_(cropped).jpg,"birth,death"
person_w013,ジャンヌ・ダルク,OK,Q7226,public domain,,https://commons.wikimedia.org/wiki/File:Joan_of_Arc_miniature_graded.jpg,"birth,death"
person_w014,アルベルト・アインシュタイン,OK,Q937,public domain,Ferdinand Schmutzer / Adam Cuerden,https://commons.wikimedia.org/wiki/File:Einstein_1921_by_F_Schmutzer_-_restoration.jpg,"birth,death"
person_w015,マリー・キュリー,OK,Q7186,public domain,Unknown authorUnknown author,https://commons.wikimedia.org/wiki/File:Marie_Curie_(1900)_(cropped).jpg,"birth,death"
person_w016,マーティン・ルーサー・キング,OK,Q8027,public domain,Yoichi Okamoto,"https://commons.wikimedia.org/wiki/File:Martin_Luther_King,_Jr._and_Lyndon_Johnson_(cropped).jpg","birth,death"
person_j020,明智光秀,OK,Q313320,public domain,投稿者がファイル作成,https://commons.wikimedia.org/wiki/File:Akechi_Mitsuhide2.jpg,"birth,death"
person_j021,北条政子,OK,Q463961,public domain,,https://commons.wikimedia.org/wiki/File:Hojo_Masako.jpg,"birth,death"
person_j022,原敬,OK,Q315553,public domain,Unknown authorUnknown author,https://commons.wikimedia.org/wiki/File:Takashi_Hara_posing.jpg,"birth,death"
person_w017,ゴータマ・シッダルタ（お釈迦様）,NO_CANDIDATE,,,,,
person_w018,秦の始皇帝,NO_CANDIDATE,,,,,
person_w019,諸葛亮孔明,NO_CANDIDATE,,,,,
person_w020,マンサ・ムーサ,OK,Q309333,public domain,Cresques Abraham,https://commons.wikimedia.org/wiki/File:Kanga_Moussa_Atlas_Catalan.jpg,"birth,death"
person_w021,フローレンス・ナイチンゲール,OK,Q37103,public domain,Henry Hering (1814-1893),https://commons.wikimedia.org/wiki/File:Florence_Nightingale_(H_Hering_NPG_x82368).jpg,"birth,death"
person_j023,天武天皇（大海人皇子）,NO_CANDIDATE,,,,,
person_j024,北条泰時,OK,Q1188359,public domain,栗原信充(Kurihara Nobumitsu),https://commons.wikimedia.org/wiki/File:H%C5%8Dj%C5%8D_Yasutoki.jpg,"birth,death"
person_j025,足利尊氏,OK,Q297107,public domain,Unknown artistUnknown artist,https://commons.wikimedia.org/wiki/File:Ashikaga_Takauji_J%C5%8Ddo-ji.jpg,"birth,death"
person_j026,上杉謙信,OK,Q311080,public domain,Unknown authorUnknown author,https://commons.wikimedia.org/wiki/File:Uesugi_Kenshin_Portrait_from_Uesugi_Shrine.png,"birth,death"
person_j027,武田信玄,OK,Q276404,public domain,Unknown,https://commons.wikimedia.org/wiki/File:Takeda_Harunobu.jpg,"birth,death"
person_j028,田中正造,OK,Q5371149,public domain,Unknown authorUnknown author,https://commons.wikimedia.org/wiki/File:Tanaka_Shozo.jpg,"birth,death"
person_w024,カール大帝（シャルルマーニュ）,NO_CANDIDATE,,,,,
person_w025,ホー・チ・ミン,OK,Q36014,public domain,Unknown authorUnknown author,https://commons.wikimedia.org/wiki/File:Ho_Chi_Minh_1946.jpg,"birth,death"
person_w022,ジャワハルラール・ネルー,OK,Q1047,public domain,Keystone View Company/FPG,"https://commons.wikimedia.org/wiki/File:Jawaharlal_Nehru,_circa_1925.jpg","birth,death"
person_w023,毛沢東,OK,Q5816,public domain,Chen Zhengqing (1917–1966),https://commons.wikimedia.org/wiki/File:Mao_Tse_Tung.jpg,"birth,death"
person_w048,ヴォルフガング・アマデウス・モーツァルト,OK,Q254,public domain,Barbara Krafft,https://commons.wikimedia.org/wiki/File:Wolfgang-amadeus-mozart_1.jpg,"birth,death"
person_w049,ジュリアス・シーザー,OK,Q1048,public domain,"Ángel M. Felicísimo from Mérida, España",https://commons.wikimedia.org/wiki/File:Retrato_de_Julio_C%C3%A9sar_(26724093101)_(cropped).jpg,"birth,death"
person_w026,クリストファー・コロンブス,OK,Q7322,public domain,Ridolfo del Ghirlandaio,https://commons.wikimedia.org/wiki/File:Ridolfo_del_Ghirlandaio_-_Ritratto_di_Cristoforo_Colombo_(1520).jpg,"birth,death"
person_w027,ウィリアム・シェイクスピア,OK,Q692,public domain,Attributed to John Taylor,https://commons.wikimedia.org/wiki/File:Shakespeare.jpg,"birth,death"
person_w028,チャールズ・ダーウィン,OK,Q1035,public domain,Herbert Rose Barraud,https://commons.wikimedia.org/wiki/File:Charles_Darwin_portrait.jpg,"birth,death"
person_w029,ルートヴィヒ・ヴァン・ベートーヴェン,OK,Q255,public domain,Joseph Karl Stieler,https://commons.wikimedia.org/wiki/File:Beethoven.jpg,"birth,death"
person_w030,ニコラウス・コペルニクス,OK,Q619,public domain,Unknown authorUnknown author,https://commons.wikimedia.org/wiki/File:Nikolaus_Kopernikus_MOT.jpg,"birth,death"
person_w031,ジョージ・ワシントン,OK,Q23,public domain,Gilbert Stuart,https://commons.wikimedia.org/wiki/File:Gilbert_Stuart_Williamstown_Portrait_of_George_Washington.jpg,"birth,death"
person_w032,ネルソン・マンデラ,OK,Q8023,cc by-sa 2.0,Kingkongphoto &amp; www.celebrity-photos.com from Laurel,https://commons.wikimedia.org/wiki/File:Nelson_Mandela_1994.jpg,"birth,death"
person_w033,フランクリン・ルーズベルト,OK,Q8007,cc by 2.0,Leon Perskie,https://commons.wikimedia.org/wiki/File:FDR_1944_Color_Portrait.jpg,"birth,death"
person_w034,トーマス・エジソン,OK,Q8743,public domain,"Louis Bachrach, Bachrach Studios, restored by Michel Vuijlsteke",https://commons.wikimedia.org/wiki/File:Thomas_Edison2-crop.jpg,"birth,death"
person_w035,ヨハネス・グーテンベルク,OK,Q8958,public domain,,https://commons.wikimedia.org/wiki/File:Gutenberg.jpg,"birth,death"
person_w036,孔子,OK,Q4604,public domain,Anonymous Chinese painter of the Western Han period,"https://commons.wikimedia.org/wiki/File:Confucius,_fresco_from_a_Western_Han_tomb_of_Dongping_County,_Shandong_province,_China.jpg","birth,death"
person_w037,アイザック・ニュートン,OK,Q935,public domain,James Thronill after Sir Godfrey Kneller,https://commons.wikimedia.org/wiki/File:GodfreyKneller-IsaacNewton-1689.jpg,"birth,death"
person_w038,ヴォルテール,OK,Q9068,cc0,Nicolas de Largillière,https://commons.wikimedia.org/wiki/File:Nicolas_de_Largilli%C3%A8re_-_Portrait_de_Voltaire_(1694-1778)_en_1718_-_P208_-_Mus%C3%A9e_Carnavalet_-_2.jpg,"birth,death"
person_w039,チンギス・カン,OK,Q720,public domain,Unknown authorUnknown author,https://commons.wikimedia.org/wiki/File:YuanEmperorAlbumGenghisPortrait.jpg,"birth,death"
person_w040,エリザベス1世,OK,Q7207,public domain,Unidentified painter,https://commons.wikimedia.org/wiki/File:Darnley_stage_3.jpg,"birth,death"
person_j029,聖武天皇,OK,Q349263,public domain,Unknown authorUnknown author,https://commons.wikimedia.org/wiki/File:Emperor_Shomu.jpg,"birth,death"
person_j030,葛飾北斎,OK,Q5586,cc0,missing name,https://commons.wikimedia.org/wiki/File:Hokusai_as_an_old_man.jpg,"birth,death"
person_j031,千利休,OK,Q305477,public domain,"painted by 長谷川等伯, calligraphy by 春屋宗園",https://commons.wikimedia.org/wiki/File:Sen_no_Rikyu_JPN.jpg,"birth,death"
person_j032,松尾芭蕉,OK,Q5676,public domain,unknown,https://commons.wikimedia.org/wiki/File:Basho_by_Buson.jpg,"birth,death"
person_j033,空海（弘法大師）,NO_CANDIDATE,,,,,
person_j034,樋口一葉,OK,Q237948,public domain,Unknown authorUnknown author,https://commons.wikimedia.org/wiki/File:Higuchi_Ichiyou.png,"birth,death"
person_j035,杉田玄白,OK,Q1385286,public domain,Ishikawa Tairō,https://commons.wikimedia.org/wiki/File:Sugita_Genpaku.jpg,"birth,death"
person_j036,宮沢賢治,OK,Q55993,public domain,Unknown authorUnknown author,https://commons.wikimedia.org/wiki/File:Miyazawa_Kenji.jpg,"birth,death"
person_j037,山上憶良,NO_P18_IMAGE,,,,,"birth,death"
person_j038,与謝野晶子,OK,Q464104,public domain,Unknown authorUnknown author,https://commons.wikimedia.org/wiki/File:YOSANO_Akiko.jpg,"birth,death"
person_j039,手塚治虫,OK,Q193300,public domain,Unknown authorUnknown author,https://commons.wikimedia.org/wiki/File:Osamu_Tezuka_1951_Scan10008-2.JPG,"birth,death"
person_j040,田中耕一,OK,Q110963,cc by 4.0,日本学士院,https://commons.wikimedia.org/wiki/File:Koichi_Tanaka_2020.jpg,birth
person_j041,伊能忠敬,OK,Q1240937,public domain,Aoki Katsujirō,https://commons.wikimedia.org/wiki/File:Ino_Tadataka.jpg,"birth,death"
person_j042,福沢諭吉,OK,Q355447,public domain,Fukuzawa Research Center,https://commons.wikimedia.org/wiki/File:Fukuzawa_Yukichi_1891.jpg,"birth,death"
person_j043,夏目漱石,OK,Q180903,public domain,Ogawa Kazumasa,https://commons.wikimedia.org/wiki/File:Natsume_Soseki_photo.jpg,"birth,death"
person_j044,湯川秀樹,OK,Q155777,public domain,Nobel Foundation archive,https://commons.wikimedia.org/wiki/File:Yukawa.jpg,"birth,death"
person_j045,緒方洪庵,OK,Q1187045,public domain,Painted by Goseda Yoshimatsu,https://commons.wikimedia.org/wiki/File:Koan_Ogata_1901.jpg,"birth,death"
person_j046,徳川慶喜,OK,Q287657,public domain,Frederick Sutton,https://commons.wikimedia.org/wiki/File:1867_Osaka_Yoshinobu_Tokugawa.jpg,"birth,death"
person_j047,野口英世,OK,Q356114,public domain,Unknown authorUnknown author,https://commons.wikimedia.org/wiki/File:Noguchi_Hideyo.jpg,"birth,death"
person_j048,津田梅子,OK,Q514524,public domain,Unknown authorUnknown author,https://commons.wikimedia.org/wiki/File:Tsuda_Umeko_Portrait_c1900.png,"birth,death"
person_j049,黒澤明,OK,Q8006,public domain,映画の友 (Eiga no tomo),https://commons.wikimedia.org/wiki/File:Akirakurosawa-onthesetof7samurai-1953-page88.jpg,"birth,death"
person_j050,杉原千畝,OK,Q161381,public domain,Unknown authorUnknown author,https://commons.wikimedia.org/wiki/File:Sugihara_b.jpg,"birth,death"
person_j051,大岡忠相,OK,Q1054143,public domain,不詳,https://commons.wikimedia.org/wiki/File:Oooka_tadasuke.jpg,"birth,death"
person_j052,本居宣長,OK,Q384647,public domain,Motoori Norinaga,https://commons.wikimedia.org/wiki/File:Motoori_Norinaga_self_portrait.jpg,"birth,death"
person_j053,川端康成,OK,Q43736,public domain,Unknown authorUnknown author,https://commons.wikimedia.org/wiki/File:Yasunari_Kawabata_1938.jpg,"birth,death"
person_w041,カール・マルクス,OK,Q9061,public domain,John Jabez Edwin Mayall,https://commons.wikimedia.org/wiki/File:Karl_Marx_001_restored.jpg,"birth,death"
person_w042,アドルフ・ヒトラー,OK,Q352,cc by-sa 3.0 de,Unknown authorUnknown author,https://commons.wikimedia.org/wiki/File:Adolf_Hitler_cropped_restored_3x4.jpg,"birth,death"
person_w043,テレサ修道女（マザー・テレサ）,NO_CANDIDATE,,,,,
person_w044,ジークムント・フロイト,OK,Q9215,public domain,Max Halberstadt,"https://commons.wikimedia.org/wiki/File:Sigmund_Freud,_by_Max_Halberstadt_(cropped).jpg","birth,death"
person_w045,イサベル1世（カスティーリャ女王）,NO_CANDIDATE,,,,,
person_w046,ソクラテス,OK,Q913,public domain,Copy of Lysippos (?),https://commons.wikimedia.org/wiki/File:Socrates_Louvre.jpg,"birth,death"
person_w047,アントニー・ファン・レーウェンフック,OK,Q43522,cc0,Rijksmuseum,"https://commons.wikimedia.org/wiki/File:Portret_van_Antonie_van_Leeuwenhoek,_RP-P-1903-A-23563.jpg","birth,death"
person_j055,藤原道長,LICENSE_REJECTED,,,,,"birth,death"
person_j056,菅原道真,OK,Q382005,public domain,Unknown authorUnknown author,https://commons.wikimedia.org/wiki/File:%E6%9D%9F%E5%B8%AF%E5%A4%A9%E7%A5%9E%E5%83%8F.png,"birth,death"
person_j057,清少納言,OK,Q231603,public domain,土佐光起 (Tosa Mitsuoki),https://commons.wikimedia.org/wiki/File:Sei_Shonagon2.jpg,"birth,death"
person_j058,一休宗純,OK,Q467613,public domain,Bokusai,https://commons.wikimedia.org/wiki/File:Portrait_of_Ikky%C5%AB_by_Bokusai.jpg,"birth,death"
person_j059,雪舟,OK,Q48514,public domain,不詳　unknown,https://commons.wikimedia.org/wiki/File:Portrait_of_Sesshu.jpg,"birth,death"
person_j060,伊達政宗,OK,Q311183,public domain,Tosa Mitsusada,https://commons.wikimedia.org/wiki/File:Date_Masamune02.jpg,"birth,death"
person_j061,真田幸村（信繁）,NO_CANDIDATE,,,,,
person_j062,前田利家,OK,Q1196817,public domain,Unknown authorUnknown author,https://commons.wikimedia.org/wiki/File:Maeda_Toshiie.jpg,"birth,death"
person_j063,石田三成,OK,Q334107,public domain,Unknown authorUnknown author,https://commons.wikimedia.org/wiki/File:Ishida_Mitsunari.jpg,"birth,death"
person_j064,毛利元就,OK,Q1156545,public domain,Unknown authorUnknown author,https://commons.wikimedia.org/wiki/File:Mori_Motonari.jpg,"birth,death"
person_j065,楠木正成,OK,Q382234,public domain,Kanō Sanraku,https://commons.wikimedia.org/wiki/File:Kusunoki_Masashige.jpg,death
person_j066,足利義満,OK,Q248381,public domain,,https://commons.wikimedia.org/wiki/File:Yoshimitsu_Ashikaga_cropped.jpg,"birth,death"
person_j067,後醍醐天皇,OK,Q313942,public domain,Monkan-bō Kōshin,https://commons.wikimedia.org/wiki/File:Emperor_Godaigo_by_Monkan-b%C5%8D_K%C5%8Dshin.jpg,"birth,death"
person_j068,白河法皇,OK,Q60949,public domain,Unknown authorUnknown author,https://commons.wikimedia.org/wiki/File:Emperor_Shirakawa.jpg,"birth,death"
person_j069,最澄,OK,Q449943,public domain,Unknown authorUnknown author,https://commons.wikimedia.org/wiki/File:%E6%9C%80%E6%BE%84%E5%83%8F_%E4%B8%80%E4%B9%97%E5%AF%BA%E8%94%B5_%E5%B9%B3%E5%AE%89%E6%99%82%E4%BB%A3.jpg,"birth,death"
person_j070,行基,OK,Q1136664,cc by-sa 3.0,INOMANARI,https://commons.wikimedia.org/wiki/File:Gyouki_1.jpg,"birth,death"
person_j071,桓武天皇,OK,Q314846,public domain,Unknown,https://commons.wikimedia.org/wiki/File:Emperor_Kammu_large.jpg,"birth,death"
person_j072,藤原良房,OK,Q960841,public domain,Kikuchi Yōsai,https://commons.wikimedia.org/wiki/File:Fujiwara_no_Yoshifusa.jpg,"birth,death"
person_j073,在原業平,OK,Q451991,public domain,,https://commons.wikimedia.org/wiki/File:Ariwara_no_Narihira.jpg,"birth,death"
person_j074,藤原定家,OK,Q378425,public domain,Fujiwara no Nobuzane,https://commons.wikimedia.org/wiki/File:Teika(3).jpg,"birth,death"
person_j075,西行,OK,Q224689,public domain,,https://commons.wikimedia.org/wiki/File:Hyakuninisshu_086.jpg,"birth,death"
person_j076,鴨長明,OK,Q291329,public domain,,https://commons.wikimedia.org/wiki/File:Kamo_no_Chomei.jpg,"birth,death"
person_j077,吉田兼好,OK,Q372772,public domain,,https://commons.wikimedia.org/wiki/File:Yoshida_Kenko.jpg,"birth,death"
person_j078,北条時宗,OK,Q430964,public domain,Unknown,https://commons.wikimedia.org/wiki/File:H%C5%8Dj%C5%8D_Tokimune.jpg,"birth,death"
person_j079,太田道灌,OK,Q386144,public domain,Ōta Sukenobu,https://commons.wikimedia.org/wiki/File:Outa_Doukan.jpg,"birth,death"
person_j080,今川義元,OK,Q1054305,public domain,Utagawa Kuniyoshi,https://commons.wikimedia.org/wiki/File:Imagawa-Yoshimoto-Ukiyo-e.jpg,"birth,death"
person_j081,柴田勝家,OK,Q707587,public domain,Unknown authorUnknown author,https://commons.wikimedia.org/wiki/File:Shibata_katsuie.png,"birth,death"
person_j082,黒田官兵衛（如水）,NO_CANDIDATE,,,,,
person_j083,加藤清正,OK,Q1069843,public domain,Unknown authorUnknown author,https://commons.wikimedia.org/wiki/File:Kat%C5%8D_Kiyomasa.jpg,"birth,death"
person_j084,島津義弘,OK,Q1156288,public domain,不明。,https://commons.wikimedia.org/wiki/File:Shimazu_Yoshihiro.jpg,"birth,death"
person_j085,長宗我部元親,OK,Q1070082,public domain,不明。,https://commons.wikimedia.org/wiki/File:Tyousokabe_Mototika.jpg,"birth,death"
person_j086,徳川秀忠,OK,Q314464,public domain,The author creates a file.,https://commons.wikimedia.org/wiki/File:Hidetada2.jpg,"birth,death"
person_j087,徳川家光,OK,Q314481,public domain,The author creates a file.,https://commons.wikimedia.org/wiki/File:Iemitu.jpg,"birth,death"
person_j088,徳川吉宗,OK,Q319664,public domain,Kanō Tadanobu,https://commons.wikimedia.org/wiki/File:Tokugawa_Yoshimune.jpg,"birth,death"
person_j089,田沼意次,OK,Q521070,public domain,鈴木白華,https://commons.wikimedia.org/wiki/File:Tanuma_Okitsugu2.jpg,"birth,death"
person_j090,松平定信,OK,Q284038,public domain,松平定信（自画像）,https://commons.wikimedia.org/wiki/File:Matsudaira_Sadanobu.jpg,"birth,death"
person_j091,水野忠邦,OK,Q2975848,public domain,椿　椿山,https://commons.wikimedia.org/wiki/File:Mizuno_Tadakuni.jpg,"birth,death"
person_j092,岩崎弥太郎,OK,Q380105,public domain,Unknown,https://commons.wikimedia.org/wiki/File:Yataro_Iwasaki_Portrait_Closeup_1874.png,"birth,death"
person_j093,新渡戸稲造,OK,Q12696,public domain,Auguste Léon,https://commons.wikimedia.org/wiki/File:Monsieur_Inaz%C5%8D_Nitobe.jpg,"birth,death"
person_j094,内村鑑三,OK,Q485247,public domain,"益本重雄, 藤沢音吉",https://commons.wikimedia.org/wiki/File:Uchimura_Kanzo.jpg,"birth,death"
person_j054,推古天皇,OK,Q298057,public domain,Unknown authorUnknown author,https://commons.wikimedia.org/wiki/File:Empress_Suiko_painting.png,"birth,death"
person_j095,森鴎外,OK,Q356960,public domain,Unknown authorUnknown author,https://commons.wikimedia.org/wiki/File:Mori_Ogai_in_the_atelier_of_Sculptor_Takeishi_Kozaburo_in_1916.jpg,"birth,death"
person_j096,正岡子規,OK,Q315152,public domain,Unknown authorUnknown author,https://commons.wikimedia.org/wiki/File:Shiki_Masaoka.jpg,"birth,death"
person_j097,石川啄木,OK,Q467747,public domain,Unknown authorUnknown author,https://commons.wikimedia.org/wiki/File:Takuboku_Ishikawa.jpg,"birth,death"
person_j098,高村光太郎,OK,Q1646239,public domain,http://kajipon.com/,https://commons.wikimedia.org/wiki/File:%E9%AB%98%E6%9D%91%E5%85%89%E5%A4%AA%E9%83%8E.jpg,"birth,death"
person_j099,柳宗悦,OK,Q904161,public domain,Unknown authorUnknown author,https://commons.wikimedia.org/wiki/File:Soetsu.JPG,"birth,death"
person_j100,長谷川町子,OK,Q265148,public domain,"産業経済新聞社（Sankei Shinbun Co., Ltd.）",https://commons.wikimedia.org/wiki/File:Hasegawa-Machiko-1.jpg,"birth,death"
person_j101,宮崎駿,OK,Q55400,cc by 2.0,Natasha Baucas at https://www.flickr.com/photos/sdnatasha/,https://commons.wikimedia.org/wiki/File:HayaoMiyazakiCCJuly09.jpg,birth
person_j102,松下幸之助,OK,Q252785,public domain,Unknown authorUnknown author,https://commons.wikimedia.org/wiki/File:Konosuke_Matsushita_01.jpg,"birth,death"
person_j103,本田宗一郎,OK,Q313304,public domain,財界研究社、撮影者不明,https://commons.wikimedia.org/wiki/File:Honda_Souichiro_zaikai_1964.jpg,"birth,death"
person_j104,盛田昭夫,OK,Q310845,public domain,プレジデント社　撮影者不明,https://commons.wikimedia.org/wiki/File:Morita_Akio.jpg,"birth,death"
person_j105,稲盛和夫,OK,Q982623,cc by-sa 3.0,Conrad Erb,https://commons.wikimedia.org/wiki/File:Kazuo_Inamori_2011_Heritage_Day_HD2011-71.JPG,"birth,death"
person_j106,吉田茂,OK,Q301804,public domain,Unknown authorUnknown author,https://commons.wikimedia.org/wiki/File:Shigeru_Yoshida_suit.jpg,"birth,death"
person_j107,池田勇人,OK,Q299142,public domain,Robert LeRoy Knudsen,https://commons.wikimedia.org/wiki/File:JFKWHP-KN-C18157_in_Hayato_Ikeda_(cropped).jpg,"birth,death"
person_j108,田中角栄,OK,Q297644,cc by 4.0,内閣官房内閣広報室,https://commons.wikimedia.org/wiki/File:Kakuei_Tanaka_19720707.jpg,"birth,death"
person_j109,山本五十六,OK,Q152325,public domain,The Advance in Nippon 画報 躍進之日本 (Gaho Yakushin no Nihon),https://commons.wikimedia.org/wiki/File:Yamamoto-Isoroku.jpg,"birth,death"
person_j110,東郷平八郎,OK,Q296785,public domain,Unknown authorUnknown author,https://commons.wikimedia.org/wiki/File:T%C5%8Dg%C5%8D_Heihachir%C5%8D.jpg,"birth,death"
person_j111,乃木希典,OK,Q468122,public domain,Unknown authorUnknown author - restored by User:Adam Cuerden,"https://commons.wikimedia.org/wiki/File:Maresuke_Nogi,_%E8%BF%91%E4%B8%96%E5%90%8D%E5%A3%AB%E5%86%99%E7%9C%9F_%E5%85%B61_-_Photo_only.jpg","birth,death"
person_j112,大山巌,OK,Q359819,public domain,Unknown authorUnknown author,https://commons.wikimedia.org/wiki/File:Iwao_Oyama_2.jpg,"birth,death"
person_j113,岩倉具視,OK,Q428200,public domain,Unknown authorUnknown author,https://commons.wikimedia.org/wiki/File:IWAKURA_Tomomi.jpg,"birth,death"
person_j114,木戸孝允,OK,Q696402,public domain,Unknown authorUnknown author,https://commons.wikimedia.org/wiki/File:Kido_Takayoshi_1869.jpg,"birth,death"
person_j115,山縣有朋,OK,Q297636,public domain,Unknown photographer,https://commons.wikimedia.org/wiki/File:Yamagata_Aritomo.jpg,"birth,death"
person_j116,鑑真,OK,Q714061,public domain,OGAWA SEIYOU(1894-1960) a famous  photographer in Japan},https://commons.wikimedia.org/wiki/File:Ganjin_wajyo_portrait.JPG,"birth,death"
person_j117,道元,OK,Q318064,public domain,Shii,https://commons.wikimedia.org/wiki/File:Dogen.jpg,"birth,death"
person_j118,日蓮,OK,Q311478,cc by 2.0,"Chris Gladis from Kyoto, Japan",https://commons.wikimedia.org/wiki/File:Nichiren_statue_Japan.jpg,"birth,death"
person_j119,親鸞,OK,Q512934,public domain,Kosigrim at English Wikipedia,https://commons.wikimedia.org/wiki/File:ShinranShonin.png,"birth,death"
person_j120,法然,OK,Q507980,public domain,"Fujiwara, Takanobu (1142-1205)",https://commons.wikimedia.org/wiki/File:Takanobu-no-miei.jpg,"birth,death"
person_j121,歌川広重,OK,Q200798,cc0,Utagawa Kunisada,"https://commons.wikimedia.org/wiki/File:Memorial_Portrait_of_Hiroshige,_by_Kunisada.jpg","birth,death"
person_j122,喜多川歌麿,OK,Q272045,public domain,attributed to Chōbunsai Eishi (1756 - 1829),https://commons.wikimedia.org/wiki/File:Kitagawa_Utamaro_portrait_(cropped).jpg,"birth,death"
person_j123,近松門左衛門,OK,Q324986,cc by-sa 3.0,,https://commons.wikimedia.org/wiki/File:Chikamatsu2.jpg,"birth,death"
person_j124,小林一茶,OK,Q312709,cc by-sa 3.0,Yoshi Canopus,https://commons.wikimedia.org/wiki/File:Kobayashi_Issa-Portrait.jpg,"birth,death"
person_j125,岡倉天心,OK,Q942995,public domain,Unknown,https://commons.wikimedia.org/wiki/File:Okakura_Kakuzo_Portrait_c1905.png,"birth,death"
person_j126,横山大観,OK,Q2034441,public domain,Unknown authorUnknown author,https://commons.wikimedia.org/wiki/File:Yokoyama_Taikan.jpg,"birth,death"
person_j127,岡本太郎,OK,Q983942,public domain,Unknown authorUnknown author,https://commons.wikimedia.org/wiki/File:Tar%C5%8D_Okamoto.jpg,"birth,death"
person_j128,上村松園,OK,Q275018,public domain,Unknown authorUnknown author,https://commons.wikimedia.org/wiki/File:Uemura_Shoen.png,"birth,death"
person_j129,鈴木大拙,OK,Q44847,public domain,Shigeru Tamura,https://commons.wikimedia.org/wiki/File:Daisetsu_Teitar%C5%8D_Suzuki_photographed_by_Shigeru_Tamura.jpg,"birth,death"
person_j130,南方熊楠,OK,Q6862791,public domain,,https://commons.wikimedia.org/wiki/File:Minakata_Kumagusu.JPG,"birth,death"
person_j131,柳田国男,OK,Q971687,public domain,Unknown authorUnknown author,https://commons.wikimedia.org/wiki/File:Kunio_Yanagita.jpg,"birth,death"
person_j132,西田幾多郎,OK,Q45125,public domain,Unknown authorUnknown author,https://commons.wikimedia.org/wiki/File:Portrait-of-Kitaro-Nishida.png,"birth,death"
person_j133,折口信夫,OK,Q3482286,public domain,Unknown authorUnknown author,https://commons.wikimedia.org/wiki/File:Orikuchi.jpg,"birth,death"
person_j134,大石内蔵助,OK,Q530128,public domain,Unknown authorUnknown author,https://commons.wikimedia.org/wiki/File:%C5%8Cishi_Yoshio.jpg,"birth,death"
person_j135,徳川綱吉,OK,Q313745,public domain,Tosa Mitsuoki,https://commons.wikimedia.org/wiki/File:Tsunyaoshi.jpg,"birth,death"
person_j136,徳川光圀,OK,Q1194944,public domain,Unknown authorUnknown author,https://commons.wikimedia.org/wiki/File:Tokugawa_Mitsukuni.jpg,"birth,death"
person_j137,山鹿素行,OK,Q1095270,public domain,不明。,https://commons.wikimedia.org/wiki/File:Yagama_Sokou.jpg,"birth,death"
person_j138,荻生徂徠,OK,Q369158,public domain,有朋堂書店,https://commons.wikimedia.org/wiki/File:Ogyuh_Sorai.jpg,"birth,death"
person_j139,新井白石,OK,Q467616,public domain,Unknown authorUnknown author,https://commons.wikimedia.org/wiki/File:Arai_Hakuseki_-_Japanischer_Gelehrter.jpg,"birth,death"
person_j140,平賀源内,OK,Q968242,public domain,木村黙老 / Momuō Kimura,https://commons.wikimedia.org/wiki/File:A_Portrait_of_Ky%C5%ABkei_Hiraga.jpg,"birth,death"
person_j141,高野長英,OK,Q944693,public domain,Painting: Tsubaki Chinzan (1801-1854)Reproduction: User:Iwatebud,https://commons.wikimedia.org/wiki/File:Takano_Choei.jpg,"birth,death"
person_j142,佐久間象山,OK,Q739298,public domain,Unknown authorUnknown author,https://commons.wikimedia.org/wiki/File:SakumaShozan.jpg,"birth,death"
person_j143,陸奥宗光,OK,Q704098,public domain,Unknown authorUnknown author,https://commons.wikimedia.org/wiki/File:Mutsu_Munemitsu.jpg,"birth,death"
person_j144,島崎藤村,OK,Q1093783,public domain,Unknown authorUnknown author,https://commons.wikimedia.org/wiki/File:Shimazaki_Toson2.jpg,"birth,death"
person_j145,新田義貞,OK,Q1328796,public domain,Unknown authorUnknown author,https://commons.wikimedia.org/wiki/File:Nitta_Yoshisada.jpg,"birth,death"
person_j146,足利義政,OK,Q447034,public domain,Attributed to Tosa Mitsunobu,https://commons.wikimedia.org/wiki/File:Ashikaga_Yoshimasa.jpg,"birth,death"
person_j147,一条天皇,OK,Q449540,public domain,Uploader: User:Evening.star,https://commons.wikimedia.org/wiki/File:Tenn%C5%8D_Ichij%C5%8D.jpg,"birth,death"
person_j148,上泉信綱,OK,Q1375744,public domain,"Unknown, before 1572",https://commons.wikimedia.org/wiki/File:Kamiizumi-Isenokami-Hidetsuna-(Kamiizumi-Nobutsuna).png,"birth,death"
person_j149,柳生宗矩,OK,Q631099,public domain,Hisane,https://commons.wikimedia.org/wiki/File:Yagyu_Munenori.jpg,"birth,death"
person_j150,鍋島直茂,OK,Q1039095,public domain,Miura Shisan 三浦子サン (?–1794),https://commons.wikimedia.org/wiki/File:Nabeshima_Naoshige_by_Miura_Shisan_(Chokokan)_(detail).jpg,"birth,death"
person_j151,荒木又右衛門,OK,Q4783833,public domain,Print artist:   Utagawa Kuniyoshi (歌川国芳),"https://commons.wikimedia.org/wiki/File:Araki_Mataemon_%E8%8D%92%E6%9C%A8_%E5%8F%88%E5%8F%B3%E8%A1%9B%E9%96%80_(BM_2008,3037.00101).jpg","birth,death"
person_j152,北畠顕家,OK,Q1036864,public domain,Unknown authorUnknown author,https://commons.wikimedia.org/wiki/File:%E5%8C%97%E7%95%A0%E9%A1%95%E5%AE%B6.png,"birth,death"
person_j153,尾崎行雄,OK,Q1152666,public domain,Unknown authorUnknown author,https://commons.wikimedia.org/wiki/File:Yukio_Ozaki.jpg,"birth,death"
person_w050,プラトン,OK,Q859,cc by 2.5,Marie-Lan Nguyen,https://commons.wikimedia.org/wiki/File:Plato_Silanion_Musei_Capitolini_MC1377.jpg,"birth,death"
person_w051,アリストテレス,OK,Q868,public domain,After Lysippos,https://commons.wikimedia.org/wiki/File:Aristotle_Altemps_Inv8575.jpg,"birth,death"
person_w052,ピタゴラス,OK,Q10261,cc by-sa 3.0,The original uploader was Galilea at German Wikipedia.,https://commons.wikimedia.org/wiki/File:Kapitolinischer_Pythagoras.jpg,name_exact_top1
person_w053,ヒポクラテス,OK,Q5264,public domain,Paulus Pontius / After Peter Paul Rubens,https://commons.wikimedia.org/wiki/File:Hippocrates_rubens.jpg,"birth,death"
person_w054,アルキメデス,OK,Q8739,public domain,Domenico Fetti,"https://commons.wikimedia.org/wiki/File:Retrato_de_un_erudito_(%C2%BFArqu%C3%ADmedes%3F),_por_Domenico_Fetti.jpg","birth,death"
person_w055,キケロ,OK,Q1541,cc by-sa 4.0,José Luiz,https://commons.wikimedia.org/wiki/File:Bust_of_Cicero_(1st-cent._BC)_-_Palazzo_Nuovo_-_Musei_Capitolini_-_Rome_2016.jpg,"birth,death"
person_w056,マルクス・アウレリウス,OK,Q1430,cc by 2.5,,https://commons.wikimedia.org/wiki/File:Marcus_Aurelius_Louvre_MR561_n02.jpg,"birth,death"
person_w057,アウグスティヌス,OK,Q8018,public domain,Philippe de Champaigne,https://commons.wikimedia.org/wiki/File:Saint_Augustine_by_Philippe_de_Champaigne.jpg,"birth,death"
person_w058,トマス・アクィナス,OK,Q9438,public domain,Carlo Crivelli,https://commons.wikimedia.org/wiki/File:St-thomas-aquinasFXD.jpg,"birth,death"
person_w059,ダンテ・アリギエーリ,OK,Q1067,public domain,Sandro Botticelli,https://commons.wikimedia.org/wiki/File:Portrait_de_Dante.jpg,"birth,death"
person_w060,デジデリウス・エラスムス,NO_YEAR_MATCH,,,,,
person_w061,ミケランジェロ,OK,Q5592,public domain,Attributed to Daniele da Volterra,https://commons.wikimedia.org/wiki/File:Michelangelo_Daniele_da_Volterra_(dettaglio).jpg,"birth,death"
person_w062,ラファエロ,OK,Q5597,public domain,Raphael,https://commons.wikimedia.org/wiki/File:Raffaello_Sanzio.jpg,"birth,death"
person_w063,ルネ・デカルト,OK,Q9191,public domain,After Frans Hals,https://commons.wikimedia.org/wiki/File:Frans_Hals_-_Portret_van_Ren%C3%A9_Descartes.jpg,"birth,death"
person_w064,バルーフ・スピノザ,NO_CANDIDATE,,,,,
person_w065,ゴットフリート・ライプニッツ,OK,Q9047,public domain,Christoph Bernhard Francke,https://commons.wikimedia.org/wiki/File:Christoph_Bernhard_Francke_-_Bildnis_des_Philosophen_Leibniz_(ca._1695).jpg,"birth,death"
person_w066,ジョン・ロック,OK,Q9353,public domain,Godfrey Kneller,https://commons.wikimedia.org/wiki/File:JohnLocke.png,"birth,death"
person_w067,ジャン＝ジャック・ルソー,OK,Q6527,public domain,Maurice Quentin de La Tour,https://commons.wikimedia.org/wiki/File:Jean-Jacques_Rousseau_(painted_portrait).jpg,"birth,death"
person_w068,イマヌエル・カント,OK,Q9312,public domain,Becker,https://commons.wikimedia.org/wiki/File:Immanuel_Kant_-_Gemaelde_2.jpg,"birth,death"
person_w069,ゲオルク・ヘーゲル,NO_CANDIDATE,,,,,
person_w070,アルトゥル・ショーペンハウアー,OK,Q38193,public domain,Johann Schäfer,"https://commons.wikimedia.org/wiki/File:Arthur_Schopenhauer_by_J_Sch%C3%A4fer,_1859b.jpg","birth,death"
person_w071,フリードリッヒ・ニーチェ,NO_CANDIDATE,,,,,
person_w072,アダム・スミス,OK,Q9381,public domain,"Etching created by Cadell and Davies (1811), John Horsburgh (1828) or R.C. Bell (1872).",https://commons.wikimedia.org/wiki/File:AdamSmith.jpg,"birth,death"
person_w073,ジョン・メイナード・ケインズ,OK,Q9317,public domain,Unknown authorUnknown author,https://commons.wikimedia.org/wiki/File:Keynes_1933.jpg,"birth,death"
person_w074,ルイ・パスツール,OK,Q529,public domain,Paul Nadar,"https://commons.wikimedia.org/wiki/File:Louis_Pasteur_(1822_-_1895),_microbiologist_and_chemist_Wellcome_V0026980.jpg","birth,death"
person_w075,ロベルト・コッホ,OK,Q37193,public domain,Wilhelm Fechner,https://commons.wikimedia.org/wiki/File:Robert_Koch.jpg,"birth,death"
person_w076,エドワード・ジェンナー,OK,Q40852,cc by-sa 3.0,Cjc13,https://commons.wikimedia.org/wiki/File:Edward_Jenner_statue.jpg,"birth,death"
person_w077,グレゴール・ヨハン・メンデル,OK,Q37970,public domain,Unknown authorUnknown author,https://commons.wikimedia.org/wiki/File:Gregor_Mendel_with_cross.jpg,"birth,death"
person_w078,マックス・プランク,OK,Q9021,cc by-sa 3.0,"Courtesy of the Clendening History of Medicine Library, University of Kansas Medical Center.",https://commons.wikimedia.org/wiki/File:Max_Planck.png,"birth,death"
person_w079,ニールス・ボーア,OK,Q7085,public domain,"The American Institute of Physics credits the photo [1] to AB Lagrelius &amp; Westphal, which is the Swedish company used by the Nobel Foundation for most photos of its book series Les Prix Nobel.",https://commons.wikimedia.org/wiki/File:Niels_Bohr.jpg,"birth,death"
person_w080,ヴェルナー・ハイゼンベルク,OK,Q40904,cc by-sa 3.0 de,Unknown authorUnknown author,"https://commons.wikimedia.org/wiki/File:Bundesarchiv_Bild183-R57262,_Werner_Heisenberg.jpg","birth,death"
person_w081,パブロ・ピカソ,OK,Q5593,public domain,Argentina. Revista Vea y Lea,https://commons.wikimedia.org/wiki/File:Pablo_picasso_1.jpg,"birth,death"
person_w082,クロード・モネ,OK,Q296,public domain,Nadar,https://commons.wikimedia.org/wiki/File:Claude_Monet_1899_Nadar_crop.jpg,"birth,death"
person_w083,フィンセント・ファン・ゴッホ,OK,Q5582,cc by-sa 4.0,Vincent van Gogh,https://commons.wikimedia.org/wiki/File:Self-portrait_-_Vincent_van_Gogh.jpg,"birth,death"
person_w084,フリーダ・カーロ,OK,Q5588,public domain,Guillermo Kahlo,"https://commons.wikimedia.org/wiki/File:Frida_Kahlo,_by_Guillermo_Kahlo_(cropped).jpg","birth,death"
person_w085,ヨハン・ゼバスティアン・バッハ,OK,Q1339,public domain,Elias Gottlob Haussmann,https://commons.wikimedia.org/wiki/File:Johann_Sebastian_Bach.png,"birth,death"
person_w086,フレデリック・ショパン,OK,Q1268,public domain,Maria Wodzińska,"https://commons.wikimedia.org/wiki/File:Chopin,_by_Wodzinska.JPG","birth,death"
person_w087,リヒャルト・ワーグナー,OK,Q1511,public domain,Franz Hanfstaengl,https://commons.wikimedia.org/wiki/File:RichardWagner.jpg,"birth,death"
person_w088,チャールズ・ディケンズ,OK,Q5686,public domain,Jeremiah Gurney,https://commons.wikimedia.org/wiki/File:Dickens_Gurney_head.jpg,"birth,death"
person_w089,フョードル・ドストエフスキー,OK,Q991,public domain,Vasily Perov,https://commons.wikimedia.org/wiki/File:Vasily_Perov_-_%D0%9F%D0%BE%D1%80%D1%82%D1%80%D0%B5%D1%82_%D0%A4.%D0%9C.%D0%94%D0%BE%D1%81%D1%82%D0%BE%D0%B5%D0%B2%D1%81%D0%BA%D0%BE%D0%B3%D0%BE_-_Google_Art_Project.jpg,"birth,death"
person_w090,レフ・トルストイ,OK,Q7243,public domain,Sergei Prokudin-Gorskii,https://commons.wikimedia.org/wiki/File:L.N.Tolstoy_Prokudin-Gorsky.jpg,"birth,death"
person_w091,アントン・チェーホフ,OK,Q5685,public domain,Unknown authorUnknown author,https://commons.wikimedia.org/wiki/File:Anton_Chekhov_with_bow-tie_sepia_image.jpg,"birth,death"
person_w092,ジェーン・オースティン,OK,Q36322,public domain,Cassandra Austen,https://commons.wikimedia.org/wiki/File:CassandraAusten-JaneAusten(c.1810)_hires.jpg,"birth,death"
person_w093,マーク・トウェイン,OK,Q7245,public domain,Unknown authorUnknown author,https://commons.wikimedia.org/wiki/File:MarkTwain.LOC.jpg,"birth,death"
person_w094,アーネスト・ヘミングウェイ,OK,Q23434,public domain,Lloyd Arnold,https://commons.wikimedia.org/wiki/File:ErnestHemingway.jpg,"birth,death"
person_w095,アガサ・クリスティ,OK,Q35064,cc0,Joop van Bilsen for Anefo,"https://commons.wikimedia.org/wiki/File:Agatha_Christie_in_Nederland_(detectiveschrijfster),_bij_aankomst_op_Schiphol_me,_Bestanddeelnr_916-8898_(cropped).jpg","birth,death"
person_w096,フランツ・カフカ,OK,Q905,public domain,Atelier Jacobi: Sigismund Jacobi (1860–1935),https://commons.wikimedia.org/wiki/File:Kafka1906_cropped.jpg,"birth,death"
person_w097,ガブリエル・ガルシア・マルケス,NO_CANDIDATE,,,,,
person_w098,ジョージ・オーウェル,OK,Q3335,cc by 2.0,Cassowary Colorizations,"https://commons.wikimedia.org/wiki/File:George_Orwell,_c._1940_(41928180381).jpg","birth,death"
person_w099,チャールズ・チャップリン,OK,Q882,public domain,Strauss-Peyton Studio,https://commons.wikimedia.org/wiki/File:Charlie_Chaplin_portrait_Getty_1739411952.jpg,"birth,death"
person_w100,ウォルト・ディズニー,OK,Q8704,public domain,Boy Scouts of America,https://commons.wikimedia.org/wiki/File:Walt_Disney_1946.JPG,"birth,death"
person_w101,スティーブ・ジョブズ,OK,Q19837,cc by-sa 3.0,"MetalGearLiquid, based on File:Steve_Jobs_Headshot_2010-CROP.jpg made by Matt Yohe",https://commons.wikimedia.org/wiki/File:Steve_Jobs_Headshot_2010-CROP2.jpg,"birth,death"
person_w102,ビル・ゲイツ,OK,Q5284,cc by 4.0,Bogdan Hoyaux / European Union,https://commons.wikimedia.org/wiki/File:Bill_Gates_at_the_European_Commission_-_2025_-_P067383-987995_(cropped).jpg,birth
person_w103,ライト兄弟,OK,Q35820,public domain,Unknown authorUnknown author,https://commons.wikimedia.org/wiki/File:Orville_Wright.jpg,name_exact_top1
person_w104,アンリ・デュナン,OK,Q12091,public domain,Time Life Pictures,https://commons.wikimedia.org/wiki/File:Jean_Henri_Dunant.jpg,"birth,death"
person_w105,ヴィルヘルム・レントゲン,OK,Q35149,public domain,Erwin Hanfstaengl,"https://commons.wikimedia.org/wiki/File:Wilhelm_Conrad_R%C3%B6ntgen_(1888-1900),_88374_p.jpg","birth,death"
person_w106,ピョートル・チャイコフスキー,OK,Q7315,public domain,Nikolai Kuznetsov,https://commons.wikimedia.org/wiki/File:Portr%C3%A4t_des_Komponisten_Pjotr_I._Tschaikowski_(1840-1893).jpg,"birth,death"
person_w107,グスタフ・マーラー,OK,Q7304,public domain,Leonard Berlin / E. Bieber,https://commons.wikimedia.org/wiki/File:Gustav-Mahler-Kohut.jpg,"birth,death"
person_w108,ルイ・アームストロング,OK,Q1779,cc0,"Harry Warnecke, Gus Schoenbaechler","https://commons.wikimedia.org/wiki/File:Louis_Armstrong,_by_Harry_Warnecke_and_Gus_Schoenbaechler,_1947.jpg","birth,death"
person_w109,エルヴィス・プレスリー,OK,Q303,public domain,RCA Records,https://commons.wikimedia.org/wiki/File:Elvis_Presley_1973_RCA_Records_and_Tapes_publicity_2_-_cropped.png,"birth,death"
person_w110,マイケル・ジャクソン,OK,Q2831,public domain,Matthew Rolston; Distributed by Epic Records,https://commons.wikimedia.org/wiki/File:Michael_Jackson_1983_(3x4_cropped)_(contrast).jpg,"birth,death"
person_w111,ジョン・レノン,OK,Q1203,cc by-sa 3.0,Jack Mitchell,https://commons.wikimedia.org/wiki/File:John_Lennon_portrait.jpg,"birth,death"
person_w112,セオドア・ルーズベルト,OK,Q33866,public domain,Adam Cuerden,https://commons.wikimedia.org/wiki/File:Theodore_Roosevelt_by_the_Pach_Bros.jpg,"birth,death"
person_w113,ウッドロウ・ウィルソン,OK,Q34296,public domain,Harris &amp; Ewing,"https://commons.wikimedia.org/wiki/File:Thomas_Woodrow_Wilson,_Harris_%26_Ewing_bw_photo_portrait,_1919.jpg","birth,death"
person_w114,ハリー・S・トルーマン,OK,Q11613,public domain,National Archives and Records Administration. Office of Presidential Libraries. Harry S. Truman Library.,https://commons.wikimedia.org/wiki/File:TRUMAN_58-766-06_(cropped).jpg,"birth,death"
person_w115,ドワイト・アイゼンハワー,OK,Q9916,public domain,White House,"https://commons.wikimedia.org/wiki/File:Dwight_D._Eisenhower,_official_photo_portrait,_May_29,_1959.jpg","birth,death"
person_w116,ロナルド・レーガン,OK,Q9960,public domain,Michael Evans,https://commons.wikimedia.org/wiki/File:Ronald_Reagan_1981_presidential_portrait.jpg,"birth,death"
person_w117,バラク・オバマ,OK,Q76,public domain,Official White House Photo by Pete Souza,https://commons.wikimedia.org/wiki/File:President_Barack_Obama.jpg,birth
person_w118,ミハイル・ゴルバチョフ,OK,Q30487,cc by-sa 4.0,Leo Medvedev/Лев Леонидович Медведев,https://commons.wikimedia.org/wiki/File:GorbachevMS.jpg,"birth,death"
person_w119,ウラジーミル・レーニン,OK,Q1394,public domain,Pavel Zhukov,https://commons.wikimedia.org/wiki/File:Vladimir_Lenin_in_July_1920_by_Pavel_Zhukov.jpg,"birth,death"
person_w120,フィデル・カストロ,OK,Q11256,public domain,Unknown (Mondadori Publishers),https://commons.wikimedia.org/wiki/File:Fidel_Castro_1950s.jpg,"birth,death"
person_w121,チェ・ゲバラ,OK,Q5809,public domain,Unknown authorUnknown author,https://commons.wikimedia.org/wiki/File:Che_Guevara_-_ca._1945.jpg,"birth,death"
person_w122,インディラ・ガンジー,NO_YEAR_MATCH,,,,,
person_w123,マーガレット・サッチャー,LICENSE_REJECTED,,,,,"birth,death"
person_w124,アンゲラ・メルケル,OK,Q567,cc by-sa 3.0 de,Armin Linnartz,https://commons.wikimedia.org/wiki/File:Angela_Merkel_Juli_2010_-_3zu4.jpg,birth
person_w125,シャルル・ド・ゴール,LICENSE_REJECTED,,,,,"birth,death"
person_w126,マルコム・X,OK,Q43303,public domain,Marion S. Trikosko,https://commons.wikimedia.org/wiki/File:Malcolm_X_in_1964.jpg,"birth,death"
person_w127,ローザ・パークス,OK,Q41921,public domain,Gene Herrick for the Associated Press; restored by Adam Cuerden,"https://commons.wikimedia.org/wiki/File:Rosa_Parks_being_fingerprinted_by_Deputy_Sheriff_D.H._Lackey_after_being_arrested_on_February_22,_1956,_during_the_Montgomery_bus_boycott.jpg","birth,death"
person_w128,アウン・サン・スー・チー,OK,Q36740,cc by 4.0,Cabinet Public Relations Office of the Cabinet Secretariat,https://commons.wikimedia.org/wiki/File:Aung_San_Suu_Kyi_at_the_Enthronement_of_Naruhito_(1).jpg,birth
person_w129,シモーヌ・ド・ボーヴォワール,OK,Q7197,cc by-sa 3.0,Moshe Milner,https://commons.wikimedia.org/wiki/File:Simone_de_Beauvoir2.png,"birth,death"
person_w130,スーザン・B・アンソニー,OK,Q192245,public domain,Unknown authorUnknown author,https://commons.wikimedia.org/wiki/File:SB_Anthony_from_WoC.jpg,"birth,death"
person_w131,コラソン・アキノ,OK,Q1480,public domain,Airman Gerald B. Johnson,https://commons.wikimedia.org/wiki/File:Corazon_Aquino_1986.jpg,"birth,death"
person_w132,デスモンド・ツツ,OK,Q43033,public domain,Benny Gool,https://commons.wikimedia.org/wiki/File:Archbishop-Tutu-medium.jpg,"birth,death"
person_w133,ダグ・ハマーショルド,OK,Q1267,public domain,Unknown authorUnknown author,https://commons.wikimedia.org/wiki/File:Dag_Hammarskj%C3%B6ld.jpg,"birth,death"
person_w134,コンラート・アデナウアー,OK,Q2492,cc by-sa 3.0 de,Katherine Young (1906–1993),"https://commons.wikimedia.org/wiki/File:Bundesarchiv_B_145_Bild-F078072-0004,_Konrad_Adenauer.jpg","birth,death"
person_w135,シモーヌ・ヴェイユ,OK,Q298180,cc by 3.0,Marie-Lan Nguyen (User:Jastrow),"https://commons.wikimedia.org/wiki/File:Simone_Veil,_gymnase_Japy_2008_02_27_n3_ret.jpg","birth,death"
person_w136,アルベルト・シュバイツァー,OK,Q49325,public domain,Émile Schneider,"https://commons.wikimedia.org/wiki/File:%C3%89mile_Schneider,_Portrait_d%27Albert_Schweitzer.jpg","birth,death"
person_w137,エリノア・ルーズベルト,NO_CANDIDATE,,,,,
person_w138,イサドラ・ダンカン,OK,Q483512,public domain,,https://commons.wikimedia.org/wiki/File:1923._duncan_(cropped).jpg,"birth,death"
person_w139,ルイ・ブライユ,OK,Q93182,public domain,Unknown authorUnknown author,https://commons.wikimedia.org/wiki/File:Louis_Braille.jpg,"birth,death"
person_w140,ジャクソン・ポロック,OK,Q37571,public domain,Hans Namuth,https://commons.wikimedia.org/wiki/File:Jackson_Pollock_by_Hans_Namuth.jpg,"birth,death"
person_w141,アンディ・ウォーホル,OK,Q5603,public domain,Bernard Gotfryd,https://commons.wikimedia.org/wiki/File:Andy_Warhol_at_the_Jewish_Museum_(by_Bernard_Gotfryd)_%E2%80%93_LOC.jpg,"birth,death"
person_w142,チャールズ・バベッジ,OK,Q46633,public domain,Thomas Dewell Scott,https://commons.wikimedia.org/wiki/File:CharlesBabbage.jpg,"birth,death"
person_w143,エイダ・ラブレス,OK,Q7259,public domain,Margaret Sarah Carpenter,https://commons.wikimedia.org/wiki/File:Ada_Lovelace.jpg,"birth,death"
person_w144,アレクサンダー・グラハム・ベル,OK,Q34286,public domain,Moffett Studio,https://commons.wikimedia.org/wiki/File:Alexander_Graham_Bell.jpg,"birth,death"
person_w145,グリエルモ・マルコーニ,OK,Q36488,public domain,Pach Brothers,https://commons.wikimedia.org/wiki/File:Guglielmo_Marconi.jpg,"birth,death"
person_w146,ニコラ・テスラ,OK,Q9036,public domain,Napoleon Sarony,https://commons.wikimedia.org/wiki/File:Tesla_circa_1890.jpeg,"birth,death"
person_w147,ジョン・フォン・ノイマン,LICENSE_REJECTED,,,,,"birth,death"
